鄉鎮市區碼,診所家數,家庭醫學科,內科,外科,兒科,婦產科,骨科,神經科,神經外科,泌尿科,耳鼻喉科,眼科,皮膚科,精神科,復健科,麻醉科,放射診斷科,放射腫瘤科,解剖病理科,臨床病理科,核子醫學科,急診醫學科,整形外科,職業醫學科,西醫一般科,牙醫一般科,口腔病理科,口腔顎面外科,齒顎矯正科,兒童牙科,中醫一般科,中醫內科,中醫外科,中醫眼科,中醫兒科,中醫婦科,中醫傷科,中醫針灸科,中醫痔科
101,302,7,18,5,17,4,3,1,1,0,15,11,10,4,8,0,0,0,0,0,0,0,10,0,38,128,0,0,1,0,39,0,0,0,0,0,0,0,0
102,869,28,22,23,19,34,8,3,1,3,25,21,25,16,17,4,0,0,1,1,0,1,60,0,171,305,0,0,2,0,123,2,0,0,0,0,0,0,0
109,163,10,9,1,6,5,0,2,0,0,9,3,6,1,4,0,0,0,0,0,0,0,1,0,9,58,0,1,0,0,44,1,0,0,0,0,0,0,0
110,496,21,24,10,16,27,6,2,0,0,20,11,14,9,10,0,0,0,0,0,0,1,21,0,85,176,0,2,1,0,70,0,0,0,0,0,0,0,0
111,260,14,19,7,16,10,6,2,0,2,15,15,9,6,9,2,0,0,0,0,0,0,3,0,32,107,0,1,0,0,27,0,0,0,0,0,0,0,0
112,84,7,2,1,5,2,2,0,0,0,8,2,2,1,3,0,0,0,0,0,0,0,0,0,10,33,0,0,0,0,11,0,0,0,0,0,0,0,0
115,320,18,14,6,24,8,9,0,0,0,16,12,12,3,8,0,0,0,0,0,0,0,4,0,21,133,0,0,1,0,51,0,0,0,0,0,0,0,0
116,202,16,19,4,13,4,3,2,0,0,12,8,8,3,7,0,0,0,0,0,0,1,2,0,12,74,0,0,1,0,30,0,0,0,0,0,0,0,0
117,300,10,17,4,11,6,2,1,0,1,12,8,10,5,8,0,0,0,0,0,0,0,2,0,42,115,0,0,1,0,52,0,0,0,0,0,1,1,0
118,292,14,12,9,7,11,1,2,0,0,13,8,9,6,5,1,0,0,0,0,0,1,14,1,35,110,0,2,2,0,56,1,0,0,0,1,0,0,0
119,177,13,12,2,10,5,3,1,0,1,11,7,2,2,4,0,0,0,0,0,0,0,2,0,21,59,0,1,0,0,34,0,0,0,0,0,0,0,0
120,198,12,10,0,12,5,1,1,0,1,11,10,4,2,6,0,0,0,0,0,0,0,1,0,20,76,0,0,0,0,35,0,0,0,0,0,0,0,0
301,239,14,30,6,28,11,3,3,1,2,15,6,4,3,5,0,0,0,0,0,0,0,0,0,16,65,0,0,0,0,55,2,0,0,0,0,0,0,0
302,52,7,8,5,5,1,1,2,0,0,4,2,1,0,0,0,0,0,0,0,0,0,0,0,8,14,0,0,0,0,8,0,0,0,0,0,0,0,0
303,83,12,8,5,8,4,0,0,0,0,3,2,2,0,0,0,0,0,0,0,0,0,0,0,10,20,0,0,0,0,18,1,0,1,0,0,0,0,0
304,66,4,8,2,4,4,0,2,0,0,5,2,1,0,1,0,0,0,0,0,0,0,0,0,9,17,0,0,0,0,13,0,0,0,0,0,0,0,0
305,85,3,9,1,6,6,2,0,0,0,4,3,3,1,0,0,0,0,0,0,0,0,0,0,10,28,0,0,0,0,11,0,0,0,0,0,0,0,0
306,18,4,1,0,2,0,0,0,0,0,1,0,0,0,0,0,0,0,0,0,0,0,0,0,4,4,0,0,1,0,4,0,0,0,0,0,0,0,0
307,47,3,6,1,4,3,0,2,0,0,1,2,0,0,0,0,0,0,0,0,0,0,0,0,8,12,0,0,0,0,8,0,0,0,0,0,0,0,0
308,39,1,5,0,3,0,0,0,0,0,2,1,0,0,0,0,0,0,0,0,0,0,0,0,7,11,0,0,0,0,11,0,0,0,0,0,0,0,0
309,98,6,7,5,7,4,3,0,0,0,4,3,1,1,2,0,0,0,0,0,0,0,0,0,11,28,0,0,0,0,23,0,0,0,0,0,0,0,0
310,78,7,7,3,8,2,2,0,0,0,5,2,2,0,3,0,0,0,0,0,0,0,0,0,6,24,0,0,0,0,18,0,0,0,0,0,0,0,0
311,15,4,3,0,0,0,1,0,0,0,0,0,0,0,0,0,0,0,0,0,0,0,0,0,2,2,0,0,0,0,4,0,0,0,0,0,0,0,0
312,4,0,0,1,0,0,0,0,0,0,0,0,0,0,0,0,0,0,0,0,0,0,0,0,1,1,0,0,0,0,1,0,0,0,0,0,0,0,0
313,10,0,1,0,1,0,0,0,0,0,1,0,0,0,0,0,0,0,0,0,0,0,0,0,3,2,0,0,0,0,2,0,0,0,0,0,0,0,0
314,3,0,0,0,0,0,0,0,0,0,0,0,0,0,0,0,0,0,0,0,0,0,0,0,1,1,0,0,0,0,0,0,0,0,0,0,0,0,0
315,71,10,4,2,5,1,2,0,0,0,4,1,1,0,2,0,0,0,0,0,0,0,0,0,8,18,0,0,0,0,18,0,0,0,0,0,0,0,0
316,37,1,4,0,3,0,0,0,0,0,3,1,0,0,0,0,0,0,0,0,0,0,0,0,9,11,0,0,0,0,7,0,0,0,0,0,0,0,0
317,47,9,5,0,2,1,0,0,0,0,3,1,0,0,0,0,0,0,0,0,0,0,0,0,7,15,0,0,0,0,6,0,0,0,0,0,0,0,0
318,52,3,3,0,6,2,1,1,0,0,2,1,1,1,0,0,0,0,0,0,0,0,0,0,7,13,0,0,0,0,13,0,0,0,0,0,0,0,0
319,176,18,14,6,13,8,1,0,1,0,8,7,4,2,2,0,1,0,0,0,0,0,1,0,12,47,0,0,0,0,47,0,0,0,0,0,0,0,0
320,217,18,10,5,15,6,4,0,1,0,13,3,4,2,5,0,0,0,0,0,0,0,0,0,25,61,0,0,0,0,57,2,0,0,0,0,0,0,0
321,5,1,1,1,0,0,0,0,0,0,0,0,0,0,0,0,0,0,0,0,0,0,0,0,4,2,0,0,0,0,0,0,0,0,0,0,0,0,0
322,55,3,7,4,4,8,0,1,0,0,3,1,2,1,0,0,0,0,0,0,0,0,0,0,7,10,0,0,0,0,10,1,0,0,0,0,0,0,0
323,89,7,9,3,8,3,3,1,0,2,4,0,1,2,1,0,0,0,0,0,0,0,0,0,9,19,0,0,0,0,29,2,1,0,0,0,0,0,0
324,323,20,21,9,23,19,2,2,1,0,10,8,11,4,2,0,0,0,1,0,0,0,15,0,34,91,0,1,0,0,67,2,1,0,0,1,0,0,0
325,166,10,13,2,15,4,4,0,0,0,8,4,2,2,4,0,0,0,0,0,0,1,1,0,12,51,0,0,0,0,41,2,0,0,0,0,1,0,0
326,293,15,26,13,21,11,7,6,0,3,13,7,7,3,2,0,0,0,0,0,0,0,5,0,21,92,0,0,0,0,69,0,0,0,0,0,0,0,0
327,371,23,19,10,25,12,7,1,1,2,16,10,9,7,8,0,0,0,0,0,0,0,14,0,56,103,0,0,0,0,63,0,0,0,0,0,0,0,0
328,346,22,19,20,26,10,9,0,0,4,15,10,8,5,6,0,0,0,0,0,0,0,6,0,41,92,0,0,0,0,70,1,0,0,0,0,1,0,0
329,370,27,18,8,23,11,7,2,0,1,20,9,8,5,9,0,0,0,0,0,0,0,3,0,25,112,0,0,0,0,96,1,0,0,0,0,0,0,0
501,112,9,14,4,13,8,2,1,0,2,4,5,3,1,2,0,0,0,0,0,0,0,0,0,10,32,0,0,0,0,14,0,0,0,0,0,0,0,0
502,17,1,1,0,2,0,1,1,0,0,0,1,0,0,0,0,0,0,0,0,0,0,0,0,5,4,0,0,0,0,2,0,0,0,0,0,0,0,0
503,23,2,4,0,1,0,0,0,0,0,0,1,0,1,1,0,0,0,0,0,0,0,0,0,7,5,0,0,0,0,3,0,0,0,0,0,0,0,0
504,45,2,4,2,4,3,2,0,0,1,4,2,1,1,1,0,0,0,0,0,0,0,0,0,6,6,0,0,0,0,9,0,0,0,0,0,0,0,0
505,63,1,8,3,7,5,2,0,0,0,2,4,2,2,2,0,0,0,0,0,0,0,0,0,8,14,0,0,0,0,9,0,0,0,0,0,0,0,0
506,35,5,2,1,3,1,3,0,0,0,2,1,0,1,0,0,0,0,0,0,0,0,0,0,3,9,0,0,0,0,6,0,0,0,0,0,0,0,0
507,47,8,4,1,2,2,2,0,0,0,3,2,1,1,0,0,0,0,0,0,0,0,0,0,5,12,0,0,0,0,9,0,0,0,0,0,0,0,0
508,16,3,2,0,0,0,0,0,0,0,0,0,0,0,0,0,0,0,0,0,0,0,0,0,5,4,0,0,0,0,3,0,0,0,0,0,0,0,0
509,4,1,0,0,0,0,0,0,0,0,0,0,0,0,0,0,0,0,0,0,0,0,0,0,1,1,0,0,0,0,0,0,0,0,0,0,0,0,0
510,10,3,0,1,0,0,0,0,0,0,0,0,0,0,0,0,0,0,0,0,0,0,0,0,4,2,0,0,0,0,0,0,0,0,0,0,0,0,0
511,8,2,2,0,1,0,0,0,0,0,0,0,0,0,0,0,0,0,0,0,0,0,0,0,2,1,0,0,0,0,0,0,0,0,0,0,0,0,0
512,16,2,2,1,1,0,0,0,0,0,0,0,0,0,0,0,0,0,0,0,0,0,0,0,3,3,0,0,0,0,4,0,0,0,0,0,0,0,0
513,15,0,2,0,1,1,0,0,0,0,1,0,0,0,0,0,0,0,0,0,0,0,0,0,7,3,0,0,0,0,1,0,0,0,0,0,0,0,0
514,9,0,0,1,0,0,0,0,0,0,0,0,0,0,0,0,0,0,0,0,0,0,0,0,4,3,0,0,0,0,1,0,0,0,0,0,0,0,0
515,4,2,0,0,0,0,0,0,0,0,0,0,0,0,0,0,0,0,0,0,0,0,0,0,1,1,0,0,0,0,0,0,0,0,0,0,0,0,0
516,8,2,2,0,0,0,0,0,0,0,0,0,0,0,0,0,0,0,0,0,0,0,0,0,2,2,0,0,0,0,1,0,0,0,0,0,0,0,0
517,5,1,0,0,0,0,0,0,0,0,0,0,0,0,1,0,0,0,0,0,0,0,0,0,2,0,0,0,0,0,1,0,0,0,0,0,0,0,0
518,6,0,0,0,0,0,0,0,0,0,0,0,0,0,0,0,0,0,0,0,0,0,0,0,4,1,0,0,0,0,1,0,0,0,0,0,0,0,0
519,4,0,0,0,0,0,0,0,0,0,0,0,0,0,0,0,0,0,0,0,0,0,0,0,2,1,0,0,0,0,0,0,0,0,0,0,0,0,0
520,32,4,1,0,3,1,1,0,0,0,1,1,0,1,0,0,0,0,0,0,0,0,0,1,5,8,0,0,0,0,8,0,0,0,0,0,0,0,0
521,8,2,0,0,0,1,0,0,0,0,0,0,0,0,0,0,0,0,0,0,0,0,0,0,4,1,0,0,0,0,0,0,0,0,0,0,0,0,0
522,3,1,0,0,0,0,0,0,0,0,0,0,0,0,0,0,0,0,0,0,0,0,0,0,1,0,0,0,0,0,1,0,0,0,0,0,0,0,0
523,12,1,0,0,0,0,1,0,0,0,0,1,0,0,0,0,0,0,0,0,0,0,0,0,6,2,0,0,0,0,2,0,0,0,0,0,0,0,0
524,5,1,0,0,0,1,0,0,0,0,0,0,0,0,0,0,0,0,0,0,0,0,0,0,0,1,0,0,0,0,1,0,0,0,0,0,0,0,0
525,3,0,0,0,0,0,0,0,0,0,0,0,0,0,0,0,0,0,0,0,0,0,0,0,2,0,0,0,0,0,1,0,0,0,0,0,0,0,0
526,2,1,0,0,0,0,0,0,0,0,0,0,0,0,0,0,0,0,0,0,0,0,0,0,1,0,0,0,0,0,0,0,0,0,0,0,0,0,0
527,49,8,3,4,2,1,3,0,0,1,4,2,0,0,1,0,0,0,0,0,0,0,0,0,5,12,0,0,0,0,9,0,0,0,0,0,0,0,0
528,59,7,3,3,2,2,4,0,0,1,6,3,3,1,1,0,0,0,0,0,0,0,0,0,4,15,0,0,0,0,8,0,0,0,0,0,0,0,0
529,18,3,2,0,1,0,1,0,0,0,1,1,0,0,0,0,0,0,0,0,0,0,0,0,3,3,0,0,0,0,5,0,0,0,0,0,0,0,0
530,1,1,0,0,0,0,0,0,0,0,0,0,0,0,0,0,0,0,0,0,0,0,0,0,0,0,0,0,0,0,0,0,0,0,0,0,0,0,0
531,234,15,19,10,13,9,6,1,1,2,14,9,5,6,3,0,0,0,0,0,0,0,1,0,17,73,0,0,0,0,43,0,0,0,0,0,0,0,0
532,316,11,23,6,21,9,8,2,0,1,15,12,10,7,10,1,1,0,0,0,0,0,7,0,15,108,0,1,7,0,65,11,4,4,5,7,6,5,4
533,143,15,17,6,10,1,4,5,1,0,12,3,3,3,4,0,0,0,0,0,0,0,2,0,12,40,0,0,0,0,28,2,1,2,1,1,1,1,1
534,196,8,17,12,17,10,6,0,0,2,7,8,2,3,4,0,0,0,0,0,0,0,6,0,17,66,0,0,2,0,29,4,3,3,3,3,6,3,3
535,211,11,20,14,16,7,3,1,1,2,13,7,6,6,5,1,0,0,0,0,0,0,0,0,18,60,0,1,2,0,40,4,4,4,4,4,4,4,4
537,125,17,11,5,8,5,3,1,0,0,9,6,2,2,3,0,0,0,0,0,0,0,0,0,17,26,0,0,0,0,23,2,0,0,0,1,0,0,0
538,76,4,4,1,8,1,1,1,0,1,3,2,1,1,1,0,1,0,0,0,0,0,3,0,9,22,0,0,1,0,17,1,1,1,1,1,1,1,1
701,382,24,43,13,27,10,14,3,0,3,26,12,10,6,5,0,0,0,0,0,0,0,0,0,33,120,0,1,0,0,63,0,0,0,0,0,0,1,0
702,106,5,13,4,6,4,3,0,0,1,5,5,2,0,0,0,0,0,0,0,0,0,0,0,24,25,0,0,0,0,17,0,0,0,0,0,0,0,0
703,47,4,5,0,3,1,0,1,0,0,2,2,1,1,0,0,0,0,0,0,0,0,0,0,10,12,0,0,0,0,6,0,0,0,0,0,0,0,0
704,19,3,2,1,0,1,0,0,0,0,0,1,0,0,0,0,0,0,0,0,0,0,0,0,5,4,0,0,0,0,4,0,0,0,0,0,0,0,0
705,37,1,1,2,1,3,1,0,0,0,3,2,0,0,0,0,0,0,0,0,0,0,0,0,11,9,0,0,0,0,5,0,0,0,0,0,0,0,0
706,62,5,8,2,3,1,1,0,0,0,6,4,1,0,0,0,0,0,0,0,0,0,0,0,12,14,0,0,0,0,12,0,0,0,0,0,0,0,0
707,25,3,2,1,0,0,0,0,0,0,0,0,0,0,0,0,0,0,0,0,0,0,0,0,11,5,0,0,0,0,3,0,0,0,0,0,0,0,0
708,61,3,6,3,3,1,3,0,0,0,1,3,0,1,1,0,0,0,0,0,0,0,0,0,12,18,0,0,0,0,10,0,0,0,0,0,0,0,0
709,30,4,3,0,2,0,0,0,0,0,0,2,0,0,0,0,0,0,0,0,0,0,0,0,7,7,0,0,0,0,5,0,0,0,0,0,0,0,0
710,18,1,2,0,2,0,0,0,0,0,0,0,0,0,0,0,0,0,0,0,0,0,1,0,3,6,0,0,0,0,4,0,0,0,0,0,0,0,0
711,24,3,0,0,0,0,0,0,0,0,1,2,0,0,0,0,0,0,0,0,0,0,0,0,5,6,0,0,0,0,7,0,0,0,0,0,0,0,0
712,16,2,3,0,1,0,1,0,0,0,1,0,0,0,0,0,0,0,0,0,0,0,0,0,4,3,0,0,0,0,2,1,0,0,0,0,0,0,0
713,1,0,0,0,0,0,0,0,0,0,0,0,0,0,0,0,0,0,0,0,0,0,0,0,1,0,0,0,0,0,0,0,0,0,0,0,0,0,0
714,16,2,1,0,1,0,0,0,0,0,0,1,0,0,0,0,0,0,0,0,0,0,0,0,4,4,0,0,0,0,2,1,0,0,0,0,0,0,0
715,40,4,3,0,4,1,1,0,0,0,3,2,1,1,0,0,0,0,0,0,0,0,0,0,5,9,0,0,0,0,7,0,0,0,0,0,0,0,0
716,13,1,2,0,0,0,1,0,0,0,1,0,0,0,0,0,0,0,0,0,0,0,0,0,5,2,0,0,0,0,1,0,0,0,0,0,0,0,0
717,20,4,1,1,1,0,1,0,0,0,1,0,0,0,0,0,0,0,0,0,0,0,0,0,4,4,0,0,0,0,1,3,0,1,0,1,0,0,0
718,5,0,0,1,0,1,0,0,0,0,0,0,0,0,0,0,0,0,0,0,0,0,0,0,2,1,0,0,0,0,1,0,0,0,0,0,0,0,0
719,9,0,0,0,0,0,0,0,0,0,0,0,0,0,0,0,0,0,0,0,0,0,0,0,5,2,0,0,0,0,1,0,0,0,0,0,0,0,0
720,24,2,1,0,0,0,1,0,0,0,0,1,0,0,1,0,0,0,0,0,0,0,0,0,9,7,0,0,0,0,2,0,0,0,0,0,0,0,0
721,5,2,0,0,0,0,0,0,0,0,0,0,0,0,0,0,0,0,0,0,0,0,0,0,1,1,0,0,0,0,1,0,0,0,0,0,0,0,0
722,2,0,0,0,0,0,0,0,0,0,0,0,0,0,0,0,0,0,0,0,0,0,0,0,1,0,0,0,0,0,1,0,0,0,0,0,0,0,0
723,4,0,1,0,0,0,0,0,0,0,0,0,0,0,0,0,0,0,0,0,0,0,0,0,2,0,0,0,0,0,1,0,0,0,0,0,0,0,0
724,3,1,0,0,0,0,0,0,0,0,1,0,0,0,0,0,0,0,0,0,0,0,0,0,1,0,0,0,0,0,0,0,0,0,0,0,0,0,0
725,1,0,0,0,0,0,0,0,0,0,0,0,0,0,0,0,0,0,0,0,0,0,0,0,1,0,0,0,0,0,0,0,0,0,0,0,0,0,0
726,1,0,1,0,0,0,0,0,0,0,0,0,0,0,0,0,0,0,0,0,0,0,0,0,1,0,0,0,0,0,0,0,0,0,0,0,0,0,0
727,2,1,0,0,1,0,0,0,0,0,0,0,0,0,0,0,0,0,0,0,0,0,0,0,1,0,0,0,0,0,0,0,0,0,0,0,0,0,0
728,34,5,4,1,3,1,2,0,0,0,2,0,0,0,0,0,0,0,0,0,0,0,0,0,5,10,0,0,0,0,6,0,0,0,0,1,0,0,0
729,155,9,12,6,6,6,4,2,0,1,10,1,5,2,7,0,0,0,0,0,0,0,5,0,18,45,0,0,1,0,26,0,0,0,0,0,0,0,0
730,326,25,22,12,20,8,7,2,0,1,15,12,14,11,9,1,0,0,0,0,0,0,7,0,44,89,0,0,0,0,46,0,0,0,0,0,0,0,0
731,161,10,18,6,16,9,7,3,0,1,12,4,3,5,3,0,0,0,0,0,0,0,0,1,17,40,0,0,0,0,23,0,0,0,0,0,0,1,0
732,496,28,35,15,29,17,13,5,1,4,33,20,9,15,9,0,0,0,0,0,0,0,7,0,41,158,0,0,0,0,86,1,0,0,0,0,0,0,0
733,169,13,19,6,7,3,5,2,0,1,6,9,4,6,2,0,0,0,0,0,0,0,5,0,20,52,0,0,0,0,23,0,0,0,0,0,0,0,0
734,72,6,6,1,3,3,1,0,0,0,3,4,3,0,1,0,1,0,0,0,0,0,5,0,9,24,0,0,0,0,5,0,0,0,0,0,1,0,0
735,289,4,28,8,21,7,4,1,0,2,13,10,5,14,5,0,0,0,0,0,0,0,5,0,41,95,0,0,0,0,52,2,0,0,0,0,0,0,0
736,188,18,13,4,10,3,4,2,0,0,9,8,5,3,8,0,0,0,0,0,0,0,1,0,27,52,0,0,0,0,36,0,0,0,0,0,0,0,0
737,10,2,1,0,0,0,0,0,0,0,0,0,0,0,1,0,0,0,0,0,0,0,0,0,1,3,0,0,0,0,1,0,0,0,0,0,0,0,0
738,95,13,8,2,7,2,2,1,0,1,5,3,2,1,1,0,0,0,0,0,0,0,0,0,12,27,0,0,0,0,13,0,0,0,0,0,0,0,0
1101,61,5,3,5,3,8,2,0,0,1,3,5,2,0,2,0,0,0,0,0,0,0,0,0,8,14,0,0,0,0,8,0,0,0,0,0,0,0,0
1102,36,2,4,2,1,1,1,0,0,0,1,1,0,0,1,0,0,0,0,0,0,0,0,0,5,11,0,0,0,0,8,0,0,0,0,0,0,0,0
1103,15,3,1,0,0,0,0,0,0,0,0,0,0,0,0,0,0,0,0,0,0,0,0,0,3,7,0,0,0,0,2,0,0,0,0,0,0,0,0
1104,91,5,16,2,8,2,2,0,0,0,7,1,2,1,3,0,0,0,0,0,0,0,1,0,15,28,0,0,0,0,9,1,0,0,0,0,0,0,0
1105,37,4,4,1,3,1,0,0,0,0,2,0,0,0,0,0,0,0,0,0,0,0,0,0,5,13,0,0,0,0,4,0,0,0,0,0,0,0,0
1106,24,0,2,0,1,0,0,0,0,0,2,0,0,0,0,0,0,0,0,0,0,0,0,0,3,13,0,0,0,0,3,0,0,0,0,0,0,0,0
1107,30,3,2,2,0,0,1,0,0,0,1,0,0,1,0,0,0,0,0,0,0,0,0,0,6,11,0,0,0,0,5,0,0,0,0,0,0,0,0
1201,293,14,27,6,25,11,3,2,0,3,23,12,8,4,6,1,0,0,0,0,0,0,3,0,26,93,0,4,1,0,44,2,0,1,0,0,1,0,0
1204,122,7,10,2,6,4,3,0,0,0,6,2,2,0,3,0,0,0,0,0,0,0,0,0,10,47,0,0,0,0,26,1,0,0,0,0,0,0,1
1205,16,1,1,0,0,0,0,0,0,0,2,0,0,0,0,0,0,0,0,0,0,0,0,0,6,5,0,0,0,0,2,0,0,0,0,0,0,0,0
2201,196,24,26,6,25,5,2,5,0,0,11,4,3,3,1,0,0,0,0,0,0,1,2,0,6,64,0,1,0,0,37,0,0,0,0,0,0,0,0
2202,203,24,22,11,14,10,4,3,0,2,11,15,7,3,3,0,0,0,0,0,0,0,2,0,16,54,0,1,0,0,33,1,0,0,0,0,1,0,0
3101,599,40,38,12,44,24,12,3,0,1,35,22,18,10,11,0,0,0,0,0,0,0,7,0,64,192,0,0,0,0,119,0,0,0,0,0,0,0,0
3102,370,22,29,8,25,14,7,4,0,0,25,11,11,4,9,0,0,0,0,0,0,0,1,0,45,117,0,0,0,0,68,0,0,0,0,0,0,0,0
3103,291,14,17,3,23,13,4,1,0,0,18,11,10,5,10,0,0,0,0,0,0,0,0,0,21,107,0,0,0,0,48,1,0,0,0,0,0,1,0
3104,359,22,19,7,18,7,4,2,0,1,21,14,6,4,11,0,0,0,0,0,0,0,0,0,46,123,0,0,0,0,67,0,0,0,0,0,0,0,0
3105,226,13,17,2,16,5,3,2,0,0,13,11,9,3,5,0,0,0,0,0,0,0,0,0,22,91,0,1,0,0,28,0,0,0,0,0,1,0,0
3106,374,21,20,8,22,16,14,1,0,0,30,12,11,5,11,0,0,0,0,0,0,0,0,0,57,115,0,0,0,0,64,0,0,0,0,0,0,0,0
3107,106,4,7,0,10,4,0,0,0,0,4,4,3,1,6,0,0,0,0,0,0,0,0,0,14,40,0,0,0,0,15,0,0,0,0,0,0,0,0
3108,49,7,5,1,3,2,1,0,0,0,2,1,1,2,1,0,0,0,0,0,0,0,0,0,3,15,0,0,0,0,6,0,0,0,0,0,0,0,0
3109,76,8,4,0,5,0,3,0,0,0,6,3,2,1,1,0,0,0,0,0,0,0,0,0,10,26,0,0,0,0,8,0,0,0,0,0,0,0,0
3110,113,7,12,2,8,3,2,0,0,0,8,5,4,2,2,0,0,0,0,0,0,0,0,0,7,38,0,0,0,0,22,0,0,0,0,0,0,0,0
3111,133,7,7,1,14,4,1,0,0,0,7,4,3,2,4,0,0,0,0,0,0,0,0,0,27,42,0,0,0,0,16,0,0,0,0,0,0,0,0
3112,21,4,2,1,1,0,0,0,0,0,1,1,0,0,0,0,0,0,0,0,0,0,0,0,7,5,0,0,0,0,2,0,0,0,0,0,0,0,0
3113,173,12,8,3,13,6,1,0,0,0,12,6,4,3,4,0,0,0,0,0,0,0,0,0,21,55,0,0,0,0,29,0,0,0,0,0,0,0,0
3114,200,7,18,2,12,10,6,0,1,0,20,8,5,4,5,0,0,0,0,0,0,0,0,0,29,60,0,0,0,0,26,0,0,0,0,0,0,0,0
3115,33,2,2,0,2,1,0,0,0,0,1,0,0,0,1,0,0,0,0,0,0,0,0,0,7,13,0,0,0,0,4,0,0,0,0,0,0,0,0
3116,58,9,5,2,4,2,0,0,0,0,3,1,1,0,0,0,0,0,0,0,0,0,0,0,7,17,0,0,0,0,10,0,0,0,0,0,0,0,0
3117,90,6,1,0,7,1,5,0,0,0,4,4,4,3,1,0,0,0,0,0,0,0,0,0,12,31,0,2,0,0,14,0,0,0,0,0,0,0,0
3118,15,2,1,0,0,0,0,0,0,0,0,0,0,0,1,0,0,0,0,0,0,0,0,0,3,5,0,0,0,0,2,0,0,0,0,0,0,0,0
3119,3,0,0,0,0,0,0,0,0,0,0,0,0,0,0,0,0,0,0,0,0,0,0,0,1,1,0,0,0,0,1,0,0,0,0,0,0,0,0
3120,1,0,0,0,0,0,0,0,0,0,0,0,0,0,0,0,0,0,0,0,0,0,0,0,1,0,0,0,0,0,0,0,0,0,0,0,0,0,0
3121,8,1,0,0,1,0,0,0,0,0,0,0,0,0,0,0,0,0,0,0,0,0,0,0,2,3,0,0,0,0,1,0,0,0,0,0,0,0,0
3122,2,0,0,0,0,0,0,0,0,0,0,0,0,0,0,0,0,0,0,0,0,0,0,0,2,0,0,0,0,0,0,0,0,0,0,0,0,0,0
3123,14,2,0,1,0,0,0,0,0,0,1,0,0,0,0,0,0,0,0,0,0,0,0,0,5,4,0,0,0,0,1,0,0,0,0,0,0,0,0
3124,2,0,0,0,0,0,0,1,0,0,0,0,0,0,0,0,0,0,0,0,0,0,0,0,1,0,0,0,0,0,0,0,0,0,0,0,0,0,0
3125,4,0,0,0,0,0,0,0,0,0,0,0,0,0,0,0,0,0,0,0,0,0,0,0,3,1,0,0,0,0,0,0,0,0,0,0,0,0,0
3126,4,1,0,0,0,0,0,0,0,0,0,0,0,0,0,0,0,0,0,0,0,0,0,0,1,1,0,0,0,0,1,0,0,0,0,0,0,0,0
3127,7,2,0,1,1,0,0,0,0,0,0,0,0,0,0,0,0,0,0,0,0,0,0,0,1,2,0,0,0,0,1,0,0,0,0,0,0,0,0
3128,5,0,0,0,0,0,0,0,0,0,0,0,0,0,0,0,0,0,0,0,0,0,0,0,3,1,0,0,0,0,1,0,0,0,0,0,0,0,0
3129,3,0,0,1,0,0,0,0,0,0,0,0,0,0,0,0,0,0,0,0,0,0,0,0,3,1,0,0,0,0,0,0,0,0,0,0,0,0,0
3201,525,26,31,17,36,25,7,0,0,4,22,17,16,12,12,1,0,0,0,0,0,0,8,0,65,165,0,1,2,0,94,0,0,0,0,0,0,0,0
3202,396,22,27,7,25,12,12,3,1,1,17,15,8,6,5,1,0,0,0,0,0,0,5,1,56,119,0,0,1,0,82,0,0,0,0,0,0,0,0
3203,39,5,4,0,2,2,2,0,0,0,2,1,1,0,0,0,0,0,0,0,0,0,0,0,2,14,0,0,0,0,5,0,0,0,0,0,0,0,0
3204,84,11,5,0,5,2,2,1,0,0,5,3,1,1,2,0,0,0,0,0,0,0,0,0,12,24,0,0,0,0,18,0,0,0,0,0,0,0,0
3205,114,9,5,2,7,3,2,0,0,0,4,3,2,1,3,0,0,0,0,0,0,0,0,0,20,43,0,0,0,0,14,0,0,0,0,0,0,0,0
3206,40,4,1,5,1,2,1,0,0,0,1,1,1,0,0,0,0,0,0,0,0,0,0,0,10,12,0,0,0,0,5,0,0,0,0,0,0,0,0
3207,114,5,7,1,6,3,5,1,0,0,6,4,3,2,1,0,0,0,0,0,0,0,0,0,22,35,0,0,0,0,17,0,0,0,0,0,0,0,0
3208,113,9,12,3,8,3,2,3,0,1,9,5,2,2,5,0,1,0,0,0,0,0,1,0,12,35,0,0,0,0,17,0,0,0,0,0,0,0,0
3209,69,9,7,5,3,3,5,0,0,0,3,3,1,1,1,0,0,0,0,0,0,0,0,0,8,20,0,0,0,0,11,0,0,0,0,0,0,0,0
3210,85,8,6,2,4,0,1,2,0,0,3,0,0,1,2,0,0,0,0,0,0,0,0,0,14,31,0,0,0,0,18,0,0,0,0,0,0,0,0
3211,12,1,2,1,1,0,0,1,0,0,0,1,0,0,0,0,0,0,0,0,0,0,0,0,1,4,0,0,0,0,2,0,0,0,0,0,0,0,0
3212,17,2,0,0,0,0,1,0,0,0,0,0,0,0,0,0,0,0,0,0,0,0,0,0,5,6,0,0,0,0,3,0,0,0,0,0,0,0,0
3213,6,3,0,0,0,0,0,0,0,0,0,0,0,0,0,0,0,0,0,0,0,0,0,0,3,1,0,0,0,0,0,0,0,0,0,0,0,0,0
3301,18,3,2,1,1,0,1,1,0,0,0,1,0,0,0,0,0,0,0,0,0,0,0,0,4,5,0,0,0,0,1,0,0,0,0,0,0,0,0
3302,14,1,3,0,1,0,0,0,0,0,0,0,0,0,1,0,0,0,0,0,0,0,0,0,4,3,0,0,0,0,2,0,0,0,0,0,0,0,0
3303,75,3,11,4,9,4,2,0,0,0,4,3,2,2,2,0,0,0,0,0,0,0,0,0,9,18,0,0,0,0,13,0,0,0,0,0,0,0,0
3305,202,5,10,6,23,7,5,0,0,2,11,6,4,3,3,1,0,0,0,0,0,0,4,0,26,63,0,0,1,0,37,0,0,0,0,0,0,0,0
3306,42,1,3,0,2,0,1,0,0,0,1,1,0,0,2,0,0,0,0,0,0,0,0,0,11,12,0,0,0,0,9,0,0,0,0,0,0,0,0
3307,3,1,0,0,0,0,0,0,0,0,0,0,0,0,0,0,0,0,0,0,0,0,0,0,0,1,0,0,0,0,0,0,0,0,0,0,0,0,0
3308,32,4,1,1,2,2,1,0,0,0,1,2,1,0,1,0,0,0,0,0,0,0,0,0,4,10,0,0,0,0,4,0,0,0,0,0,0,0,0
3309,5,1,0,0,0,0,0,0,0,0,0,0,0,0,0,0,0,0,0,0,0,0,0,0,1,2,0,0,0,0,1,0,0,0,0,0,0,0,0
3310,3,1,0,0,0,0,0,0,0,0,0,0,0,0,0,0,0,0,0,0,0,0,0,0,0,1,0,0,0,0,0,0,0,0,0,0,0,0,0
3311,4,0,1,0,1,0,0,0,0,0,0,0,0,0,0,0,0,0,0,0,0,0,0,0,0,1,0,0,0,0,0,1,0,0,0,0,0,0,0
3312,2,1,0,0,0,0,0,0,0,0,0,0,0,0,0,0,0,0,0,0,0,0,0,0,0,1,0,0,0,0,0,0,0,0,0,0,0,0,0
3313,4,2,0,2,0,0,0,0,0,0,0,0,0,0,0,0,0,0,0,0,0,0,0,0,1,1,0,0,0,0,0,0,0,0,0,0,0,0,0
3314,2,1,0,0,0,0,0,0,0,0,0,0,0,0,0,0,0,0,0,0,0,0,0,0,2,0,0,0,0,0,0,0,0,0,0,0,0,0,0
3401,114,10,12,2,4,2,2,2,0,0,7,6,2,2,7,0,0,0,0,0,0,0,1,0,11,37,0,1,0,0,19,0,0,0,0,0,0,0,0
3402,124,14,17,3,10,3,1,0,1,0,8,7,4,0,2,0,0,0,0,0,0,0,2,0,9,38,0,0,0,0,20,0,0,0,0,0,0,0,0
3403,19,3,1,2,0,1,1,0,0,0,0,1,0,0,0,0,0,0,0,0,0,0,0,0,6,5,0,0,0,0,1,0,0,0,0,0,0,0,0
3404,15,4,0,2,0,1,0,1,0,0,0,1,0,0,0,0,0,0,0,0,0,1,0,0,3,4,0,0,0,0,2,0,0,0,0,0,0,0,0
3405,16,4,1,0,1,0,0,0,1,0,0,0,0,0,0,0,0,0,0,0,0,0,0,0,4,6,0,0,0,0,3,0,0,0,0,0,0,0,0
3406,7,2,0,1,0,0,0,0,1,0,0,0,0,0,0,0,0,0,0,0,0,0,0,0,3,2,0,0,0,0,0,0,0,0,0,0,0,0,0
3407,6,1,0,0,0,0,1,0,0,0,0,0,0,0,0,0,0,0,0,0,0,0,0,0,3,1,0,0,0,0,1,0,0,0,0,0,0,0,0
3408,14,0,2,0,1,0,0,1,0,0,0,0,0,0,0,0,0,0,0,0,0,0,0,0,7,3,0,0,0,0,1,0,0,0,0,0,0,0,0
3409,13,4,1,0,0,0,0,0,0,0,0,0,0,1,0,0,0,0,0,0,0,1,0,0,1,3,0,0,0,0,3,0,0,0,0,0,0,0,0
3410,7,3,1,0,0,0,0,0,0,0,0,0,0,0,0,0,0,0,0,0,0,0,0,0,0,2,0,0,0,0,1,0,0,0,0,0,0,0,0
3411,2,1,0,0,0,0,0,0,0,0,0,0,0,0,0,0,0,0,0,0,0,0,0,0,2,1,0,0,0,0,0,0,0,0,0,0,0,0,0
3412,4,2,1,0,0,0,0,0,0,0,0,0,0,0,0,0,0,0,0,0,0,0,0,0,2,1,0,0,0,0,0,0,0,0,0,0,0,0,0
3501,97,7,11,2,4,4,1,0,1,0,5,4,4,2,2,0,0,0,0,0,0,0,0,0,11,28,0,0,0,0,17,0,0,0,0,0,0,0,0
3502,32,3,2,0,3,0,0,1,0,0,0,1,0,2,0,0,0,0,0,0,0,0,0,0,4,11,0,0,0,0,6,0,0,0,0,0,0,0,0
3503,15,3,2,1,1,0,1,0,0,0,1,0,0,0,0,0,0,0,0,0,0,0,0,0,2,4,0,0,0,0,2,0,0,0,0,0,0,0,0
3504,59,6,5,2,6,2,0,1,0,0,4,2,2,0,2,0,0,0,0,0,0,0,0,0,5,21,0,0,0,0,10,0,0,0,0,0,0,0,0
3505,73,4,2,2,5,3,3,0,0,0,4,4,2,1,0,0,0,0,0,0,0,0,0,0,8,25,0,0,0,0,14,0,0,0,0,0,0,0,0
3506,18,2,4,1,1,0,0,0,0,0,0,0,0,0,1,0,0,0,0,0,0,0,0,0,5,5,0,0,0,0,3,0,0,0,0,0,0,0,0
3507,10,4,0,3,0,0,1,0,1,0,0,0,0,0,0,0,0,0,0,0,0,0,0,0,0,3,0,0,0,0,1,0,0,0,0,0,0,0,0
3508,8,0,0,0,0,0,0,0,0,0,0,0,0,0,0,0,0,0,0,0,0,0,0,0,3,1,0,0,0,0,3,0,0,0,0,0,0,0,0
3509,17,1,0,0,1,0,0,0,0,0,1,0,0,0,1,0,0,0,0,0,0,0,0,0,5,5,0,0,0,0,4,0,0,0,0,0,0,0,0
3510,9,0,0,0,0,0,0,0,0,0,0,0,0,0,0,0,0,0,0,0,0,0,0,0,5,2,0,0,0,0,1,0,0,0,0,0,0,0,0
3511,5,2,0,0,0,0,0,0,0,0,0,0,0,0,0,0,0,0,0,0,0,0,0,0,2,1,0,0,0,0,0,0,0,0,0,0,0,0,0
3512,7,2,0,0,0,0,0,0,0,0,0,0,0,0,0,0,0,0,0,0,0,0,0,0,3,1,0,0,0,0,1,0,0,0,0,0,0,0,0
3513,8,3,1,0,0,0,0,0,0,0,0,0,0,0,0,0,0,0,0,0,0,0,0,0,2,2,0,0,0,0,1,0,0,0,0,0,0,0,0
3514,3,1,1,0,0,0,0,0,0,0,0,0,0,0,0,0,0,0,0,0,0,0,0,0,0,1,0,0,0,0,0,0,0,0,0,0,0,0,0
3515,5,1,0,0,0,0,0,0,0,0,0,0,0,0,0,0,0,0,0,0,0,0,0,0,1,2,0,0,0,0,1,0,0,0,0,0,0,0,0
3516,5,1,0,0,0,0,0,0,0,0,0,0,0,0,0,0,0,0,0,0,0,0,0,0,0,1,0,0,0,0,2,0,0,0,0,0,0,0,0
3517,2,0,0,0,0,0,0,0,0,0,0,0,0,0,0,0,0,0,0,0,0,0,0,0,1,0,0,0,0,0,0,0,0,0,0,0,0,0,0
3518,3,1,0,0,0,0,0,0,0,0,0,0,0,0,0,0,0,0,0,0,0,0,0,0,2,0,0,0,0,0,0,0,0,0,0,0,0,0,0
3701,296,11,15,15,28,7,8,2,0,3,16,11,10,4,2,0,0,0,0,0,0,0,1,0,26,95,0,0,1,0,61,1,1,0,0,0,0,0,0
3702,74,1,4,0,5,2,1,0,0,1,5,2,0,1,1,0,0,0,0,0,0,0,0,0,10,20,0,0,0,0,19,1,0,0,0,0,0,1,0
3703,62,2,5,3,3,1,1,0,0,1,5,2,2,1,1,0,0,0,0,0,0,0,0,0,11,17,0,0,0,0,11,0,0,0,0,0,0,0,0
3704,39,3,4,3,5,2,1,0,0,0,2,2,1,1,0,0,0,0,0,0,0,0,0,0,4,7,0,0,0,0,9,0,0,0,0,0,0,0,0
3705,190,11,11,8,19,8,6,0,0,1,11,8,6,2,1,0,0,0,0,0,0,0,0,0,17,48,0,0,0,0,46,2,0,0,0,0,0,1,0
3706,61,4,4,3,6,4,1,2,0,0,2,3,1,0,1,0,0,0,0,0,0,0,0,0,10,13,0,0,0,0,13,0,0,0,0,0,0,0,0
3707,36,3,3,1,2,0,0,0,0,0,1,2,0,0,0,0,0,0,0,0,0,0,0,0,9,9,0,0,0,0,10,0,0,0,0,0,0,0,0
3708,40,1,1,1,2,4,0,0,0,0,2,2,1,0,1,0,0,0,0,0,0,0,0,0,6,11,0,0,0,0,10,0,0,0,0,0,0,0,0
3709,5,0,0,0,0,0,0,0,0,0,0,0,0,0,0,0,0,0,0,0,0,0,0,0,3,1,0,0,0,0,1,0,0,0,0,0,0,0,0
3710,14,3,0,0,0,1,1,0,0,0,0,0,1,0,0,0,0,0,0,0,0,0,0,0,3,2,0,0,0,0,5,0,0,0,0,0,0,0,0
3711,11,0,0,0,0,0,1,0,0,0,0,0,1,0,0,0,0,0,0,0,0,0,0,0,4,3,0,0,0,0,2,0,0,0,0,0,0,0,0
3712,25,3,1,0,0,0,1,0,0,0,2,0,0,0,0,0,0,0,0,0,0,0,0,0,6,8,0,0,0,0,4,0,0,0,0,0,0,0,0
3713,30,6,1,0,1,0,0,0,0,0,2,1,0,0,2,0,0,0,0,0,0,0,0,0,5,6,0,0,0,0,7,0,0,0,0,0,0,0,0
3714,10,0,0,0,0,0,0,0,0,0,0,0,0,0,0,0,0,0,0,0,0,0,0,0,4,3,0,0,0,0,3,0,0,0,0,0,0,0,0
3715,14,1,1,0,0,0,0,0,0,0,0,0,0,0,0,0,0,0,0,0,0,0,0,0,4,5,0,0,0,0,3,0,0,0,0,0,0,0,0
3716,8,2,1,0,0,0,0,0,0,0,0,0,0,0,0,0,0,0,0,0,0,0,0,0,3,2,0,0,0,0,1,0,0,0,0,0,0,0,0
3717,14,1,0,0,0,0,0,0,0,0,0,0,0,0,0,0,0,0,0,0,0,0,0,0,5,4,0,0,0,0,4,0,0,0,0,0,0,0,0
3718,21,1,2,1,2,1,0,0,0,0,1,0,0,0,0,0,0,0,0,0,0,0,0,0,3,4,0,0,0,0,8,0,0,0,0,0,0,0,0
3719,25,2,1,0,3,0,0,0,0,0,0,0,0,0,0,0,0,0,0,0,0,0,0,0,9,6,0,0,0,0,5,0,0,0,0,0,0,0,0
3720,8,0,0,1,0,1,0,0,0,0,0,0,0,0,0,0,0,0,0,0,0,0,0,0,4,2,0,0,0,0,1,0,0,0,0,0,0,0,0
3721,6,1,2,0,0,0,0,0,0,0,0,0,0,1,0,0,0,0,0,0,0,0,0,0,0,1,0,0,0,0,1,0,0,0,0,0,0,0,0
3722,15,4,0,1,1,1,0,0,0,0,0,0,0,0,0,0,0,0,0,0,0,0,0,0,2,3,0,0,0,0,4,0,0,0,0,0,0,0,0
3723,6,0,0,0,0,0,0,0,0,0,0,0,0,0,0,0,0,0,0,0,0,0,0,0,4,1,0,0,0,0,1,0,0,0,0,0,0,0,0
3724,5,1,0,0,0,0,0,0,0,0,0,0,0,0,0,0,0,0,0,0,0,0,0,0,2,1,0,0,0,0,1,0,0,0,0,0,0,0,0
3725,6,2,0,1,0,1,0,0,0,0,0,0,0,0,0,0,0,0,0,0,0,0,0,0,2,0,0,0,0,0,1,0,0,0,0,0,0,0,0
3726,10,2,1,0,1,0,0,0,0,0,0,0,0,0,0,0,0,0,0,0,0,0,0,0,3,2,0,0,0,0,1,1,0,0,0,0,0,0,0
3801,102,6,14,4,12,2,1,0,0,0,5,3,2,1,1,0,0,0,0,0,0,0,0,0,13,23,0,0,0,0,23,0,0,0,0,0,0,0,0
3802,86,17,5,5,7,3,0,0,0,1,2,3,1,0,2,0,0,0,0,0,0,0,0,0,13,18,0,0,0,0,17,0,0,0,0,0,0,0,0
3803,107,8,9,3,10,3,3,0,1,1,6,3,2,1,2,0,0,0,0,0,0,0,0,0,14,30,0,0,0,0,21,0,0,0,0,0,0,0,0
3804,46,5,7,2,4,3,0,0,0,0,3,2,1,0,1,0,0,0,0,0,0,0,0,0,5,10,0,0,0,0,8,0,0,0,0,0,0,0,0
3805,5,0,1,0,0,0,0,0,0,0,0,0,0,0,0,0,0,0,0,0,0,0,0,0,2,1,0,0,0,0,1,0,0,0,0,0,0,0,0
3806,16,3,1,0,1,0,0,0,0,0,0,0,0,0,0,0,0,0,0,0,0,0,0,0,5,3,0,0,0,0,3,0,0,0,0,0,0,0,0
3807,6,0,0,0,0,0,0,0,0,0,0,0,0,0,0,0,0,0,0,0,0,0,0,0,4,1,0,0,0,0,1,0,0,0,0,0,0,0,0
3808,6,1,0,0,0,0,0,0,0,0,0,0,0,0,0,0,0,0,0,0,0,0,0,0,3,0,0,0,0,0,1,0,0,0,0,0,0,0,0
3809,7,0,0,0,1,0,0,0,0,0,0,0,0,0,0,0,0,0,0,0,0,0,0,0,3,2,0,0,0,0,1,0,0,0,0,0,0,0,0
3810,6,1,0,0,0,1,0,0,0,0,0,0,0,0,0,0,0,0,0,0,0,0,0,0,3,1,0,0,0,0,1,0,0,0,0,0,0,0,0
3811,20,7,2,2,1,0,1,0,0,0,1,1,0,0,1,0,0,0,0,0,0,0,0,0,0,3,0,0,0,0,6,0,0,0,0,0,0,0,0
3812,8,4,1,0,0,0,0,0,0,0,0,0,0,0,0,0,0,0,0,0,0,0,0,0,2,1,0,0,0,0,0,0,0,0,0,0,0,0,0
3813,5,2,0,0,0,0,0,0,0,0,0,0,0,0,0,0,0,0,0,0,0,0,0,0,3,0,0,0,0,0,0,0,0,0,0,0,0,0,0
3901,130,7,10,4,11,7,3,1,0,1,8,6,3,3,1,0,0,0,0,0,0,0,0,0,11,34,0,0,0,0,28,0,0,0,0,0,0,0,0
3902,35,8,5,4,4,1,1,0,0,0,1,1,0,0,0,0,0,0,0,0,0,0,0,0,2,10,0,0,0,0,7,0,0,0,0,0,0,0,0
3903,88,8,9,5,13,5,5,0,0,0,3,4,2,1,1,0,0,0,0,0,0,0,1,0,3,21,0,1,0,0,17,0,0,0,0,0,0,0,0
3904,40,4,7,2,1,0,0,0,0,0,2,2,1,0,1,0,0,0,0,0,0,0,0,0,5,11,0,0,0,0,7,0,0,0,0,0,0,0,0
3905,9,2,1,0,0,1,0,0,0,0,0,0,0,0,0,0,0,0,0,0,0,0,0,0,1,2,0,0,0,0,2,0,0,0,0,0,0,0,0
3906,47,5,8,2,4,2,1,2,1,0,3,3,1,0,0,0,0,0,0,0,0,0,0,0,7,10,0,1,0,0,8,0,0,0,0,0,0,0,0
3907,11,4,1,0,0,0,0,0,0,0,0,0,0,0,0,0,0,0,0,0,0,0,0,0,2,2,0,0,0,0,2,0,0,0,0,0,0,0,0
3908,7,1,0,0,0,0,0,0,0,0,0,0,0,0,0,0,0,0,0,0,0,0,0,0,1,2,0,0,0,0,2,0,0,0,0,0,0,0,0
3909,17,1,2,2,0,0,0,0,0,0,0,0,0,0,0,0,0,0,0,0,0,0,0,0,4,4,0,0,0,0,3,0,0,0,0,0,0,0,0
3910,8,2,0,0,0,1,0,0,0,0,0,0,0,0,0,0,0,0,0,0,0,0,0,0,2,2,0,0,0,0,1,0,0,0,0,0,0,0,0
3911,6,4,0,0,0,0,0,1,0,0,0,0,0,0,0,0,0,0,0,0,0,0,0,0,1,0,0,0,0,0,1,0,0,0,0,0,0,0,0
3912,15,4,1,1,1,0,0,0,0,0,0,0,0,0,0,0,0,0,0,0,0,0,0,0,5,4,0,0,0,0,2,0,0,0,0,0,0,0,0
3913,19,3,2,1,1,0,1,0,0,0,1,1,0,0,0,0,0,0,0,0,0,0,0,1,3,4,0,0,0,0,3,0,0,0,0,0,0,0,0
3914,7,4,0,0,0,0,0,0,0,0,0,0,0,0,0,0,0,0,0,0,0,0,0,0,0,2,0,0,0,0,0,0,0,0,0,0,0,0,0
3915,8,3,1,1,0,0,1,0,0,0,0,0,0,0,0,0,0,0,0,0,0,0,0,0,0,2,0,0,0,0,1,0,0,0,0,0,0,0,0
3916,9,3,2,1,0,0,0,0,0,0,0,0,0,0,0,0,0,0,0,0,0,0,0,0,0,1,0,0,0,0,2,0,0,0,0,0,0,0,0
3917,8,2,0,0,0,0,0,0,0,0,0,0,0,0,0,0,0,0,0,0,0,0,0,0,3,1,0,0,0,0,1,0,0,0,0,0,0,0,0
3918,7,0,1,1,1,0,1,0,0,0,0,0,0,0,0,0,0,0,0,0,0,0,0,0,4,1,0,0,0,0,1,0,0,0,0,0,0,0,0
3919,9,1,0,0,0,0,0,0,0,0,0,0,0,0,0,0,0,0,0,0,0,0,0,0,6,0,0,0,0,0,1,0,0,0,0,0,0,0,0
3920,9,3,0,0,0,0,0,0,0,0,0,1,0,0,0,0,0,0,0,0,0,0,0,0,1,1,0,0,0,0,3,0,0,0,0,0,0,0,0
4001,47,4,6,2,2,5,1,1,0,0,3,5,0,0,0,0,0,0,0,0,0,0,0,0,4,11,0,0,0,0,7,0,0,0,0,0,0,0,0
4002,12,2,0,2,1,1,0,0,0,0,0,0,0,0,0,0,0,0,0,0,0,0,0,0,3,3,0,0,0,0,1,0,0,0,0,0,0,0,0
4003,21,2,4,0,1,0,0,0,0,0,0,1,0,0,0,0,0,0,0,0,0,0,0,0,6,5,0,0,0,0,3,0,0,0,0,0,0,0,0
4004,50,7,5,4,1,2,1,1,0,0,4,3,1,1,1,0,0,0,0,0,0,0,0,0,8,9,0,0,0,0,8,0,0,0,0,0,0,0,0
4005,6,2,0,0,0,1,0,0,0,0,0,0,0,0,0,0,0,0,0,0,0,0,0,0,2,1,0,0,0,0,0,0,0,0,0,0,0,0,0
4006,18,0,3,1,1,0,1,0,0,0,1,1,0,0,0,0,0,0,0,0,0,0,0,0,4,4,0,0,0,0,3,0,0,0,0,0,0,0,0
4007,5,0,0,0,0,0,0,0,0,0,0,0,0,0,0,0,0,0,0,0,0,0,0,0,3,1,0,0,0,0,1,0,0,0,0,0,0,0,0
4008,6,0,0,0,0,0,0,0,0,0,0,0,0,0,0,0,0,0,0,0,0,0,0,0,5,0,0,0,0,0,1,0,0,0,0,0,0,0,0
4009,7,0,0,0,0,0,0,0,0,0,0,0,0,0,0,0,0,0,0,0,0,0,0,0,4,2,0,0,0,0,1,0,0,0,0,0,0,0,0
4010,5,0,1,0,1,0,0,0,0,0,0,0,0,0,0,0,0,0,0,0,0,0,0,0,2,2,0,0,0,0,0,0,0,0,0,0,0,0,0
4011,24,4,1,0,0,1,0,0,0,0,1,0,0,0,0,0,0,0,0,0,0,0,0,0,8,6,0,0,0,0,4,0,0,0,0,0,0,0,0
4012,17,3,2,1,2,0,1,0,0,0,0,0,0,0,0,0,0,0,0,0,0,0,0,0,4,4,0,0,0,0,2,0,0,0,0,0,0,0,0
4013,20,8,1,0,1,0,0,0,0,0,1,0,0,0,0,0,0,0,0,0,0,0,0,0,2,3,0,0,0,0,4,0,0,0,0,0,0,0,0
4014,16,3,3,0,0,0,0,0,0,0,0,1,0,0,0,0,0,0,0,0,0,0,0,0,6,3,0,0,0,0,0,1,0,0,1,0,0,0,0
4015,9,1,2,0,1,0,0,0,0,0,0,0,0,0,0,0,0,0,0,0,0,0,0,0,2,4,0,0,0,0,1,0,0,0,0,0,0,0,0
4016,3,0,0,0,0,0,0,0,0,0,0,0,0,0,0,0,0,0,0,0,0,0,0,0,2,1,0,0,0,0,0,0,0,0,0,0,0,0,0
4017,2,0,0,0,0,0,0,0,0,0,0,0,0,0,0,0,0,0,0,0,0,0,0,0,0,0,0,0,0,0,1,0,0,0,0,0,0,0,0
4018,2,1,0,0,0,0,0,0,0,0,0,0,0,0,0,0,0,0,0,0,0,0,0,0,1,0,0,0,0,0,0,0,0,0,0,0,0,0,0
4301,255,17,30,5,18,12,6,5,0,4,17,12,6,4,2,0,0,0,0,0,0,0,2,0,35,66,0,0,0,0,43,1,1,1,1,1,1,1,1
4302,79,8,11,5,5,3,2,1,0,1,5,4,2,2,2,0,0,0,0,0,0,0,0,0,10,16,0,0,0,0,15,0,0,0,0,0,0,0,0
4303,40,2,6,1,4,2,1,1,0,1,5,3,1,0,0,0,0,0,0,0,0,0,0,0,4,10,0,0,0,0,4,0,0,0,0,0,0,0,0
4304,16,1,0,3,2,0,0,0,0,0,1,1,0,0,0,0,0,0,0,0,0,0,0,0,3,5,0,0,0,0,1,0,0,0,0,0,0,0,0
4305,28,2,3,0,2,0,1,0,0,0,0,1,1,0,0,0,0,0,0,0,0,0,0,0,10,7,0,0,0,0,4,0,0,0,0,0,0,0,0
4306,10,0,0,0,0,0,0,0,0,0,0,0,0,0,0,0,0,0,0,0,0,0,0,0,6,2,0,0,0,0,1,0,0,0,0,0,0,0,0
4307,6,1,0,0,0,0,0,0,0,0,0,0,0,0,0,0,0,0,0,0,0,0,0,0,1,3,0,0,0,0,1,0,0,0,0,0,0,0,0
4308,9,2,1,0,0,0,0,0,0,0,0,0,0,0,0,0,0,0,0,0,0,0,0,0,4,2,0,0,0,0,1,0,0,0,0,0,0,0,0
4309,14,1,0,0,0,1,0,1,0,0,1,1,0,2,0,0,0,0,0,0,0,0,0,0,6,3,0,0,0,0,2,0,0,0,0,0,0,0,0
4310,10,0,1,0,0,0,0,0,0,0,0,0,0,0,0,0,0,0,0,0,0,0,0,0,6,2,0,0,0,0,1,0,0,0,0,0,0,0,0
4311,17,2,2,0,0,0,1,1,0,0,0,1,0,0,0,0,0,0,0,0,0,0,0,0,7,3,0,0,0,0,1,0,0,0,0,0,0,0,0
4312,5,1,0,0,0,0,0,0,0,0,0,0,0,0,0,0,0,0,0,0,0,0,0,0,3,1,0,0,0,0,0,0,0,0,0,0,0,0,0
4313,35,5,2,0,0,0,1,0,0,0,2,2,0,0,0,0,0,0,0,0,0,0,0,0,10,7,0,1,0,0,5,0,0,0,0,0,0,0,0
4314,5,1,1,0,0,0,0,0,0,0,0,0,0,0,0,0,0,0,0,0,0,0,0,0,2,2,0,0,0,0,0,0,0,0,0,0,0,0,0
4315,3,1,0,0,0,0,0,0,0,0,0,0,0,0,0,0,0,0,0,0,0,0,0,0,1,0,0,0,0,0,0,0,0,0,0,0,0,0,0
4316,15,1,2,0,2,0,0,0,0,0,0,1,0,0,0,0,0,0,0,0,0,0,0,0,3,5,0,0,0,0,3,0,0,0,0,0,0,0,0
4317,13,2,0,0,0,0,0,0,0,0,0,0,0,0,0,0,0,0,0,0,0,0,0,0,3,6,0,0,0,0,2,0,0,0,0,0,0,0,0
4318,4,2,0,0,0,0,0,0,0,0,0,0,0,0,0,0,0,0,0,0,0,0,0,0,1,0,0,0,0,0,1,0,0,0,0,0,0,0,0
4319,13,1,1,0,1,0,0,0,0,0,1,1,0,0,0,0,0,0,0,0,0,0,0,0,3,4,0,0,0,0,1,0,0,0,0,0,0,0,0
4320,8,0,0,0,0,0,0,0,0,0,0,0,0,0,0,0,0,0,0,0,0,0,0,0,5,2,0,0,0,0,1,0,0,0,0,0,0,0,0
4321,9,1,0,0,0,0,0,0,0,0,0,0,0,0,0,0,0,0,0,0,0,0,0,0,5,1,0,0,0,0,2,0,0,0,0,0,0,0,0
4322,8,3,0,0,0,0,0,0,0,0,0,0,0,0,0,0,0,0,0,0,0,0,0,0,3,2,0,0,0,0,1,0,0,0,0,0,0,0,0
4323,3,0,1,0,0,0,0,0,0,0,0,0,0,0,0,0,0,0,0,0,0,0,0,0,1,1,0,0,0,0,0,0,0,0,0,0,0,0,0
4324,3,1,0,0,0,0,0,0,0,0,0,0,0,0,0,0,0,0,0,0,0,0,0,0,2,0,0,0,0,0,0,0,0,0,0,0,0,0,0
4325,3,0,0,0,0,0,0,0,0,0,0,0,0,0,0,0,0,0,0,0,0,0,0,0,3,0,0,0,0,0,0,0,0,0,0,0,0,0,0
4326,2,1,0,0,1,0,0,0,0,0,0,0,0,0,0,0,0,0,0,0,0,0,0,0,1,0,0,0,0,0,0,0,0,0,0,0,0,0,0
4327,1,0,0,0,0,0,0,0,0,0,0,0,0,0,0,0,0,0,0,0,0,0,0,0,1,0,0,0,0,0,0,0,0,0,0,0,0,0,0
4328,10,3,2,1,0,0,0,0,0,0,0,0,0,1,1,0,0,0,0,0,0,0,0,0,4,1,0,0,0,0,0,0,0,0,0,0,0,0,0
4329,3,1,0,0,0,0,0,0,0,0,0,0,0,0,0,0,0,0,0,0,0,0,0,0,2,0,0,0,0,0,0,0,0,0,0,0,0,0,0
4330,4,0,0,0,0,0,0,0,0,0,0,0,0,0,0,0,0,0,0,0,0,0,0,0,3,1,0,0,0,0,0,0,0,0,0,0,0,0,0
4331,6,1,0,0,1,0,0,0,0,0,0,0,0,0,0,0,0,0,0,0,0,0,0,0,5,0,0,0,0,0,0,0,0,0,0,0,0,0,0
4332,1,0,0,0,0,0,0,0,0,0,0,0,0,0,0,0,0,0,0,0,0,0,0,0,1,0,0,0,0,0,0,0,0,0,0,0,0,0,0
4333,1,0,0,0,0,0,0,0,0,0,0,0,0,0,0,0,0,0,0,0,0,0,0,0,1,0,0,0,0,0,0,0,0,0,0,0,0,0,0
4401,67,14,5,6,3,3,2,0,0,1,3,3,2,1,4,0,0,0,0,0,0,0,0,0,5,20,0,0,0,0,4,0,0,0,0,0,0,0,0
4402,5,2,1,0,0,0,0,0,0,0,0,0,0,0,1,0,0,0,0,0,0,0,0,0,0,2,0,0,0,0,1,0,0,0,0,0,0,0,0
4403,6,3,1,0,0,0,0,0,0,0,0,0,0,0,1,0,0,0,0,0,0,0,0,0,2,1,0,0,0,0,0,0,0,0,0,0,0,0,0
4404,5,0,2,0,1,0,0,0,0,0,0,0,0,0,1,0,0,0,0,0,0,0,0,0,2,2,0,0,0,0,0,0,0,0,0,0,0,0,0
4405,2,1,0,0,1,0,0,0,0,0,0,0,0,0,0,0,0,0,0,0,0,0,0,0,2,0,0,0,0,0,0,0,0,0,0,0,0,0,0
4406,1,0,1,0,0,0,0,0,0,0,1,0,0,0,0,0,0,0,0,0,0,0,0,0,0,0,0,0,0,0,0,0,0,0,0,0,0,0,0
4501,160,7,15,11,12,8,3,2,0,1,10,5,3,3,5,0,0,0,0,0,0,0,0,1,21,51,0,2,0,0,26,1,0,0,0,0,0,0,0
4502,9,2,1,1,0,0,0,0,0,0,0,0,0,0,0,0,0,0,0,0,0,0,0,0,2,2,0,0,0,0,1,0,0,0,0,0,0,0,0
4503,13,0,2,1,2,0,0,0,0,0,1,1,0,0,0,0,0,0,0,0,0,0,0,0,3,4,0,0,0,0,2,0,0,0,0,0,0,0,0
4504,7,1,1,0,1,0,0,0,0,0,0,0,0,0,0,0,0,0,0,0,0,0,0,0,1,2,0,0,0,0,2,0,0,0,0,0,0,0,0
4505,48,3,4,0,5,0,2,0,0,0,3,1,0,1,0,0,0,0,0,0,0,0,0,0,9,17,0,0,0,0,8,0,0,0,0,0,0,0,0
4506,6,2,0,1,1,0,0,0,0,0,0,0,0,0,0,0,0,0,0,0,0,0,0,0,1,1,0,0,0,0,1,0,0,0,0,0,0,0,0
4507,7,1,0,0,0,1,0,0,0,0,0,0,0,0,0,0,0,0,0,0,0,0,0,0,3,2,0,0,0,0,1,0,0,0,0,0,0,0,0
4508,1,0,0,0,0,0,0,0,0,0,0,0,0,0,0,0,0,0,0,0,0,0,0,0,0,0,0,0,0,0,0,0,0,0,0,0,0,0,0
4509,5,1,0,1,0,0,0,0,0,0,0,0,0,0,0,0,0,0,0,0,0,0,0,0,2,0,0,0,0,0,1,0,0,0,0,0,0,0,0
4510,1,0,0,1,0,0,0,0,0,0,0,0,0,0,0,0,0,0,0,0,0,0,0,0,1,1,0,0,0,0,0,0,0,0,0,0,0,0,0
4511,11,5,0,0,0,0,0,0,0,0,0,0,0,0,0,0,0,0,0,0,0,0,0,0,6,1,0,0,0,0,0,0,0,0,0,0,0,0,0
4512,3,1,1,0,1,0,0,0,0,0,0,0,0,0,0,0,0,0,0,0,0,0,0,0,2,0,0,0,0,0,0,0,0,0,0,0,0,0,0
4513,3,0,0,1,0,0,0,0,0,0,0,0,0,1,0,0,0,0,0,0,0,0,0,0,2,0,0,0,0,0,0,0,0,0,0,0,0,0,0
4601,99,5,12,10,5,6,4,1,0,0,4,5,3,2,1,0,0,0,0,0,0,0,0,0,5,26,0,1,1,0,21,0,0,0,0,0,0,0,0
4602,7,4,0,0,0,0,0,0,0,0,0,0,0,0,0,0,0,0,0,0,0,0,0,0,2,0,0,0,0,0,2,0,0,0,0,0,0,0,0
4603,9,0,0,0,1,0,0,0,0,0,0,1,0,0,0,0,0,0,0,0,0,0,0,0,3,2,0,0,0,0,1,0,0,0,0,0,0,0,0
4604,5,1,1,0,1,0,0,0,0,0,0,0,0,0,0,0,0,0,0,0,0,0,0,0,1,0,0,0,0,0,1,0,0,0,0,0,0,0,0
4605,3,0,0,0,0,1,0,0,0,0,0,0,0,0,0,0,0,0,0,0,0,0,0,0,1,2,0,0,0,0,0,0,0,0,0,0,0,0,0
4606,7,2,1,1,1,1,0,0,0,0,0,0,0,0,0,0,0,0,0,0,0,0,0,0,2,1,0,0,0,0,1,0,0,0,0,0,0,0,0
4607,4,3,1,0,0,0,0,0,0,0,0,0,0,0,0,0,0,0,0,0,0,0,0,0,0,0,0,0,0,0,0,0,0,0,0,0,0,0,0
4608,3,0,0,0,1,1,0,0,0,0,0,0,0,0,0,0,0,0,0,0,0,0,0,0,2,0,0,0,0,0,0,0,0,0,0,0,0,0,0
4609,3,1,0,1,0,0,0,0,0,0,0,0,0,0,0,0,0,0,0,0,0,0,0,0,2,0,0,0,0,0,0,0,0,0,0,0,0,0,0
4610,8,3,0,1,0,0,0,0,0,0,0,0,0,0,0,0,0,0,0,0,0,0,0,0,1,2,0,0,0,0,1,0,0,0,0,0,0,0,0
4611,2,1,0,1,0,0,0,0,0,0,0,0,0,0,0,0,0,0,0,0,0,0,0,0,2,1,0,0,0,0,0,0,0,0,0,0,0,0,0
4612,2,0,1,0,1,0,0,0,0,0,0,0,0,0,0,0,0,0,0,0,0,0,0,0,0,1,0,0,0,0,0,0,0,0,0,0,0,0,0
4613,1,1,0,0,0,0,0,0,0,0,0,0,0,0,0,0,0,0,0,0,0,0,0,0,0,1,0,0,0,0,0,0,0,0,0,0,0,0,0
4614,1,0,1,0,0,0,0,0,0,0,0,0,0,0,0,0,0,0,0,0,0,0,0,0,1,0,0,0,0,0,0,0,0,0,0,0,0,0,0
4615,3,1,0,0,1,0,0,0,0,0,0,0,0,0,0,0,0,0,0,0,0,0,0,0,1,1,0,0,0,0,0,0,0,0,0,0,0,0,0
4616,1,0,0,1,0,0,0,0,0,0,0,0,0,0,0,0,0,0,0,0,0,1,0,0,1,1,0,0,0,0,0,0,0,0,0,0,0,0,0
9001,33,7,4,2,5,2,2,0,1,0,1,2,2,1,0,0,1,0,0,0,0,0,0,0,4,8,0,0,0,0,3,0,0,0,0,0,0,0,0
9002,4,1,0,0,0,0,0,0,0,0,0,0,0,0,0,0,0,0,0,0,0,0,0,0,1,1,0,0,0,0,1,0,0,0,0,0,0,0,0
9003,10,0,0,0,1,1,0,1,0,0,0,0,0,0,0,0,0,0,0,0,0,0,0,0,4,3,0,0,0,0,2,0,0,0,0,0,0,0,0
9004,5,1,2,0,1,0,0,0,0,0,0,0,0,0,0,0,0,0,0,0,0,0,0,0,1,1,0,0,0,0,1,0,0,0,0,0,0,1,0
9005,3,2,0,0,0,0,0,0,0,0,0,0,0,0,0,0,0,0,0,0,0,0,0,0,1,1,0,0,0,0,0,0,0,0,0,0,0,0,0
9101,1,0,0,0,0,0,0,0,0,0,0,0,0,0,0,0,0,0,0,0,0,0,0,0,0,0,0,0,0,0,1,0,0,0,0,0,0,0,0
9102,1,0,0,1,0,0,0,0,0,0,0,0,0,0,0,0,0,0,0,0,0,0,0,0,1,1,0,0,0,0,0,0,0,0,0,0,0,0,0
9103,2,2,1,0,1,0,0,0,0,0,0,0,0,0,0,0,0,0,0,0,0,0,0,0,2,1,0,0,0,0,0,0,0,0,0,0,0,0,0
9104,1,1,1,0,0,1,0,0,0,0,0,0,0,0,0,0,0,0,0,0,0,0,0,0,1,1,0,0,0,0,0,0,0,0,0,0,0,0,0
